id;name;url;org_name;bucket_name;object_key
1;Assistant generating Awesome;https://timothy.com;Guinea;invoice Borders;Pine programming Functionality
2;invoice TCP;http://mireille.net;value-added;implementation;Reverse-engineered
3;revolutionary;http://brennon.info;executive Handmade Plastic Pizza mint green;Dynamic Rustic Frozen Sausages overriding;sexy interactive system-worthy
4;National card;http://anna.net;Australian Dollar backing up Personal Loan Account;copying Personal Loan Account reboot;mesh
5;bypassing;https://marcelino.org;Causeway Pants digital;Administrator;Wooden Port Central
6;Handcrafted Bedfordshire back-end;http://lonnie.info;invoice Usability Rustic;Buckinghamshire intermediate Supervisor;sticky utilisation
7;wireless Vermont hard drive;https://zella.net;Cotton Innovative Music;SAS Licensed Multi-layered;Gorgeous
8;heuristic Gorgeous;https://alisa.org;Mayotte viral;Well Manager maximize;Metal transmitting
9;Granite cyan;http://angelica.org;Auto Loan Account multi-byte Anguilla;payment back up;Kids
10;Games Soap Group;https://celestino.info;Concrete;Tuna;system-worthy Idaho
